{"accuracy": 0.9942857142857143, "best_k": 2, "best_cv_accuracy": 0.992638036809816, "confusion_matrix": [[223, 0], [2, 125]], "label_distribution": {"Grade 1": 754, "Grade 2": 411}}